Venue,Venue (Alternative),City Bin,Latitude,Longitude,Capacity,Length,Width ,State/Country ,Team,Margin,Margin Bin,HomeTraeger Park,TIO Traeger Park Oval,Traeger Park,-23.71066,133.87488,7164,175,135,NT,Adelaide,-91,-91.0,Manuka Oval,UNSW Canberra Oval,Manuka Oval,-35.316608,149.133957,14849,162.5,138.4,ACT,Richmond,-88,-88.0,Bellerive Oval,Blundstone Arena,Bellerive Oval,-42.8773,147.37208,19000,160,124,TAS,Carlton,-86,-86.0,Blacktown,,Blacktown,-33.771549,150.858109,10000,160,141,NSW,Greater Western Sydney,-81,-81.0,York Park,UTS,York Park,-41.42805,147.1384,19500,175,145,TAS,North Melbourne,-71,-71.0,Jiangwan Stadium,,Jiangwan Stadium,31.304992,121.515035,11000,160,138,China,St Kilda,-70,-70.0,Jiangwan Stadium,,Jiangwan Stadium,31.304992,121.515035,11000,160,138,China,Gold Coast,-56,-56.0,Adelaide Oval,,Adelaide,-34.915089,138.599472,53500,167,125,SA,Gold Coast,-57.75,-55.9,S.C.G.,,Sydney,-33.89143,151.22352,46817,149,136,NSW,Gold Coast,-26.16666667,-53.2,Bellerive Oval,Blundstone Arena,Bellerive Oval,-42.8773,147.37208,19000,160,124,TAS,Richmond,-52.5,-52.5,York Park,UTS,York Park,-41.42805,147.1384,19500,175,145,TAS,Western Bulldogs,-50.33333333,-50.3,York Park,UTS,York Park,-41.42805,147.1384,19500,175,145,TAS,Fremantle,-48.4,-48.4,Adelaide Oval,,Adelaide,-34.915089,138.599472,53500,167,125,SA,Carlton,-66,-46.3,York Park,UTS,York Park,-41.42805,147.1384,19500,175,145,TAS,Gold Coast,-46.25,-46.3,Bellerive Oval,Blundstone Arena,Bellerive Oval,-42.8773,147.37208,19000,160,124,TAS,St Kilda,-45,-45.0,Perth Stadium,Optus Stadium ,Perth,-31.95428,115.89492,60156,165,130,WA,Gold Coast,-38.5,-45.0,Perth Stadium,Optus Stadium ,Perth,-31.95428,115.89492,60156,165,130,WA,Western Bulldogs,-47,-44.2,York Park,UTS,York Park,-41.42805,147.1384,19500,175,145,TAS,West Coast,-44,-44.0,York Park,UTS,York Park,-41.42805,147.1384,19500,175,145,TAS,Greater Western Sydney,-41.5,-41.5,S.C.G.,,Sydney,-33.89143,151.22352,46817,149,136,NSW,Carlton,-37.57142857,-40.9,S.C.G.,,Sydney,-33.89143,151.22352,46817,149,136,NSW,St Kilda,-49.2,-39.6,Perth Stadium,Optus Stadium ,Perth,-31.95428,115.89492,60156,165,130,WA,Greater Western Sydney,-22.66666667,-38.8,S.C.G.,,Sydney,-33.89143,151.22352,46817,149,136,NSW,Fremantle,-38.6,-38.2,Perth Stadium,Optus Stadium ,Perth,-31.95428,115.89492,60156,165,130,WA,Melbourne,-22.5,-36.0,Marrara Oval,TIO Stadium ,Marrara Oval,-12.39907,130.88627,12215,175,135,NT,Gold Coast,-35.5,-35.5,York Park,UTS,York Park,-41.42805,147.1384,19500,175,145,TAS,Port Adelaide,-35.33333333,-35.3,Adelaide Oval,,Adelaide,-34.915089,138.599472,53500,167,125,SA,Greater Western Sydney,-19.5,-35.3,Traeger Park,TIO Traeger Park Oval,Traeger Park,-23.71066,133.87488,7164,175,135,NT,Gold Coast,-35,-35.0,Bellerive Oval,Blundstone Arena,Bellerive Oval,-42.8773,147.37208,19000,160,124,TAS,Adelaide,-33,-33.0,Docklands,Marvel Stadium,Melbourne,-37.818249,144.948517,53343,159.5,128.8,VIC,Gold Coast,-25.53125,-32.6,Perth Stadium,Optus Stadium ,Perth,-31.95428,115.89492,60156,165,130,WA,St Kilda,-13.25,-30.6,Adelaide Oval,,Adelaide,-34.915089,138.599472,53500,167,125,SA,Western Bulldogs,-25.21428571,-30.1,Docklands,Marvel Stadium,Melbourne,-37.818249,144.948517,53343,159.5,128.8,VIC,St Kilda,-2.006225256,-29.8,YDocklands,Marvel Stadium,Melbourne,-37.818249,144.948517,53343,159.5,128.8,VIC,Brisbane Lions,-23.14583333,-29.0,Adelaide Oval,,Adelaide,-34.915089,138.599472,53500,167,125,SA,St Kilda,-35.85714286,-28.9,S.C.G.,,Sydney,-33.89143,151.22352,46817,149,136,NSW,Melbourne,-44.66666667,-28.8,Manuka Oval,UNSW Canberra Oval,Manuka Oval,-35.316608,149.133957,14849,162.5,138.4,ACT,Port Adelaide,-27.33333333,-27.3,Bellerive Oval,Blundstone Arena,Bellerive Oval,-42.8773,147.37208,19000,160,124,TAS,Greater Western Sydney,-26.75,-26.8,S.C.G.,,Sydney,-33.89143,151.22352,46817,149,136,NSW,Brisbane Lions,-47,-26.5,Carrara,Metricon Stadium,Brisbane ,-28.01306,153.37706,22500,160,134,QLD,Gold Coast,-11.89890973,-26.0,YYork Park,UTS,York Park,-41.42805,147.1384,19500,175,145,TAS,Brisbane Lions,-26,-26.0,Docklands,Marvel Stadium,Melbourne,-37.818249,144.948517,53343,159.5,128.8,VIC,Melbourne,-15.92592593,-25.9,Docklands,Marvel Stadium,Melbourne,-37.818249,144.948517,53343,159.5,128.8,VIC,Greater Western Sydney,-11.05555556,-25.5,Adelaide Oval,,Adelaide,-34.915089,138.599472,53500,167,125,SA,North Melbourne,-44.64285714,-25.1,Adelaide Oval,,Adelaide,-34.915089,138.599472,53500,167,125,SA,Brisbane Lions,-50.75,-24.9,Adelaide Oval,,Adelaide,-34.915089,138.599472,53500,167,125,SA,Melbourne,18.58333333,-24.7,Perth Stadium,Optus Stadium ,Perth,-31.95428,115.89492,60156,165,130,WA,North Melbourne,-18.75,-21.1,Carrara,Metricon Stadium,Brisbane ,-28.01306,153.37706,22500,160,134,QLD,Western Bulldogs,-24.41666667,-20.5,Cazaly's Stadium,,Cazaly's Stadium,-16.935921,145.749023,13500,165,135,QLD,Gold Coast,-20.42857143,-20.4,Adelaide Oval,,Adelaide,-34.915089,138.599472,53500,167,125,SA,Fremantle,-42.41666667,-20.4,Wellington,Sky Stadium,Wellington,-41.276501,174.783752,34500,160,130,New Zealand,St Kilda,-19.66666667,-19.7,Docklands,Marvel Stadium,Melbourne,-37.818249,144.948517,53343,159.5,128.8,VIC,Carlton,-16.22663139,-19.2,YManuka Oval,UNSW Canberra Oval,Manuka Oval,-35.316608,149.133957,14849,162.5,138.4,ACT,Melbourne,-18.33333333,-18.3,Perth Stadium,Optus Stadium ,Perth,-31.95428,115.89492,60156,165,130,WA,Essendon,-6.666666667,-18.2,Perth Stadium,Optus Stadium ,Perth,-31.95428,115.89492,60156,165,130,WA,Collingwood,-5.416666667,-18.1,Cazaly's Stadium,,Cazaly's Stadium,-16.935921,145.749023,13500,165,135,QLD,Melbourne,-17.5,-17.5,Docklands,Marvel Stadium,Melbourne,-37.818249,144.948517,53343,159.5,128.8,VIC,West Coast,9.66875,-16.5,Manuka Oval,UNSW Canberra Oval,Manuka Oval,-35.316608,149.133957,14849,162.5,138.4,ACT,Gold Coast,-16.33333333,-16.3,Perth Stadium,Optus Stadium ,Perth,-31.95428,115.89492,60156,165,130,WA,Brisbane Lions,27,-16.0,Bellerive Oval,Blundstone Arena,Bellerive Oval,-42.8773,147.37208,19000,160,124,TAS,West Coast,-16,-16.0,Cazaly's Stadium,,Cazaly's Stadium,-16.935921,145.749023,13500,165,135,QLD,North Melbourne,-16,-16.0,Marrara Oval,TIO Stadium ,Marrara Oval,-12.39907,130.88627,12215,175,135,NT,Melbourne,-15.75,-15.8,S.C.G.,,Sydney,-33.89143,151.22352,46817,149,136,NSW,Greater Western Sydney,-17.35714286,-14.4,Manuka Oval,UNSW Canberra Oval,Manuka Oval,-35.316608,149.133957,14849,162.5,138.4,ACT,Adelaide,-14,-14.0,Docklands,Marvel Stadium,Melbourne,-37.818249,144.948517,53343,159.5,128.8,VIC,Adelaide,21.08333333,-13.9,S.C.G.,,Sydney,-33.89143,151.22352,46817,149,136,NSW,Geelong,-4.833333333,-13.1,S.C.G.,,Sydney,-33.89143,151.22352,46817,149,136,NSW,Essendon,-29.83333333,-12.3,S.C.G.,,Sydney,-33.89143,151.22352,46817,149,136,NSW,Western Bulldogs,-20.4,-12.2,Marrara Oval,TIO Stadium ,Marrara Oval,-12.39907,130.88627,12215,175,135,NT,Essendon,-12,-12.0,York Park,UTS,York Park,-41.42805,147.1384,19500,175,145,TAS,Carlton,-12,-12.0,Perth Stadium,Optus Stadium ,Perth,-31.95428,115.89492,60156,165,130,WA,Carlton,-13.77777778,-11.8,Perth Stadium,Optus Stadium ,Perth,-31.95428,115.89492,60156,165,130,WA,Port Adelaide,-7.5,-11.8,Docklands,Marvel Stadium,Melbourne,-37.818249,144.948517,53343,159.5,128.8,VIC,Fremantle,0.092592593,-10.6,Bellerive Oval,Blundstone Arena,Bellerive Oval,-42.8773,147.37208,19000,160,124,TAS,Port Adelaide,-10,-10.0,Carrara,Metricon Stadium,Brisbane ,-28.01306,153.37706,22500,160,134,QLD,Brisbane Lions,-7.583333333,-8.3,Cazaly's Stadium,,Cazaly's Stadium,-16.935921,145.749023,13500,165,135,QLD,Fremantle,-8,-8.0,Docklands,Marvel Stadium,Melbourne,-37.818249,144.948517,53343,159.5,128.8,VIC,North Melbourne,8.37956488,-8.0,YPerth Stadium,Optus Stadium ,Perth,-31.95428,115.89492,60156,165,130,WA,Geelong,-16.22222222,-7.7,Marrara Oval,TIO Stadium ,Marrara Oval,-12.39907,130.88627,12215,175,135,NT,Fremantle,-7.666666667,-7.7,Docklands,Marvel Stadium,Melbourne,-37.818249,144.948517,53343,159.5,128.8,VIC,Western Bulldogs,-1.807636808,-7.5,YAdelaide Oval,,Adelaide,-34.915089,138.599472,53500,167,125,SA,Geelong,0.142857143,-6.7,S.C.G.,,Sydney,-33.89143,151.22352,46817,149,136,NSW,West Coast,-33,-6.3,S.C.G.,,Sydney,-33.89143,151.22352,46817,149,136,NSW,Richmond,-47.33333333,-6.2,Cazaly's Stadium,,Cazaly's Stadium,-16.935921,145.749023,13500,165,135,QLD,Sydney,-5.5,-5.5,Docklands,Marvel Stadium,Melbourne,-37.818249,144.948517,53343,159.5,128.8,VIC,Hawthorn,26.12777778,-5.2,Bellerive Oval,Blundstone Arena,Bellerive Oval,-42.8773,147.37208,19000,160,124,TAS,Melbourne,-4.666666667,-4.7,Carrara,Metricon Stadium,Brisbane ,-28.01306,153.37706,22500,160,134,QLD,Hawthorn,-0.333333333,-4.7,Perth Stadium,Optus Stadium ,Perth,-31.95428,115.89492,60156,165,130,WA,Adelaide,-6.5,-4.4,Riverway Stadium,,Riverway Stadium,-19.31907,146.72989,10000,156,138,QLD,Gold Coast,-4,-4.0,Docklands,Marvel Stadium,Melbourne,-37.818249,144.948517,53343,159.5,128.8,VIC,Essendon,-6.562345679,-3.7,YManuka Oval,UNSW Canberra Oval,Manuka Oval,-35.316608,149.133957,14849,162.5,138.4,ACT,Fremantle,-3.5,-3.5,Traeger Park,TIO Traeger Park Oval,Traeger Park,-23.71066,133.87488,7164,175,135,NT,St Kilda,-3,-3.0,Carrara,Metricon Stadium,Brisbane ,-28.01306,153.37706,22500,160,134,QLD,Carlton,4,-2.7,Manuka Oval,UNSW Canberra Oval,Manuka Oval,-35.316608,149.133957,14849,162.5,138.4,ACT,Western Bulldogs,-2.2,-2.2,S.C.G.,,Sydney,-33.89143,151.22352,46817,149,136,NSW,Hawthorn,0.166666667,-1.9,Carrara,Metricon Stadium,Brisbane ,-28.01306,153.37706,22500,160,134,QLD,Greater Western Sydney,-7.5,-1.7,Traeger Park,TIO Traeger Park Oval,Traeger Park,-23.71066,133.87488,7164,175,135,NT,Melbourne,-1.428571429,-1.4,Carrara,Metricon Stadium,Brisbane ,-28.01306,153.37706,22500,160,134,QLD,Melbourne,14.16666667,0.0,Docklands,Marvel Stadium,Melbourne,-37.818249,144.948517,53343,159.5,128.8,VIC,Port Adelaide,-15.01041667,0.2,Docklands,Marvel Stadium,Melbourne,-37.818249,144.948517,53343,159.5,128.8,VIC,Richmond,3.324074074,1.1,Adelaide Oval,,Adelaide,-34.915089,138.599472,53500,167,125,SA,Collingwood,8.428571429,2.0,S.C.G.,,Sydney,-33.89143,151.22352,46817,149,136,NSW,North Melbourne,-4.25,2.6,Carrara,Metricon Stadium,Brisbane ,-28.01306,153.37706,22500,160,134,QLD,St Kilda,2.035714286,2.7,Wellington,Sky Stadium,Wellington,-41.276501,174.783752,34500,160,130,New Zealand,Brisbane Lions,3,3.0,Adelaide Oval,,Adelaide,-34.915089,138.599472,53500,167,125,SA,Port Adelaide,16.002442,3.0,YAdelaide Oval,,Adelaide,-34.915089,138.599472,53500,167,125,SA,West Coast,6.833333333,3.4,Cazaly's Stadium,,Cazaly's Stadium,-16.935921,145.749023,13500,165,135,QLD,Richmond,3.5,3.5,Adelaide Oval,,Adelaide,-34.915089,138.599472,53500,167,125,SA,Richmond,-17.54761905,3.7,Carrara,Metricon Stadium,Brisbane ,-28.01306,153.37706,22500,160,134,QLD,Essendon,3.142857143,3.9,Carrara,Metricon Stadium,Brisbane ,-28.01306,153.37706,22500,160,134,QLD,North Melbourne,-5.607142857,4.0,Riverway Stadium,,Riverway Stadium,-19.31907,146.72989,10000,156,138,QLD,St Kilda,4,4.0,Perth Stadium,Optus Stadium ,Perth,-31.95428,115.89492,60156,165,130,WA,Fremantle,-3.429181929,4.1,YPerth Stadium,Optus Stadium ,Perth,-31.95428,115.89492,60156,165,130,WA,Richmond,-11,5.4,Manuka Oval,UNSW Canberra Oval,Manuka Oval,-35.316608,149.133957,14849,162.5,138.4,ACT,Greater Western Sydney,5.541666667,5.5,YS.C.G.,,Sydney,-33.89143,151.22352,46817,149,136,NSW,Collingwood,-17,5.7,Adelaide Oval,,Adelaide,-34.915089,138.599472,53500,167,125,SA,Essendon,-16.97222222,6.0,Manuka Oval,UNSW Canberra Oval,Manuka Oval,-35.316608,149.133957,14849,162.5,138.4,ACT,Geelong,7,7.0,S.C.G.,,Sydney,-33.89143,151.22352,46817,149,136,NSW,Port Adelaide,-6,7.3,Docklands,Marvel Stadium,Melbourne,-37.818249,144.948517,53343,159.5,128.8,VIC,Collingwood,13.07407407,9.1,Marrara Oval,TIO Stadium ,Marrara Oval,-12.39907,130.88627,12215,175,135,NT,Port Adelaide,9.5,9.5,Docklands,Marvel Stadium,Melbourne,-37.818249,144.948517,53343,159.5,128.8,VIC,Sydney,29.25925926,9.5,S.C.G.,,Sydney,-33.89143,151.22352,46817,149,136,NSW,Sydney,22.31355219,10.9,YCarrara,Metricon Stadium,Brisbane ,-28.01306,153.37706,22500,160,134,QLD,Fremantle,5.916666667,12.0,Marrara Oval,TIO Stadium ,Marrara Oval,-12.39907,130.88627,12215,175,135,NT,Richmond,12,12.0,York Park,UTS,York Park,-41.42805,147.1384,19500,175,145,TAS,St Kilda,12.33333333,12.3,Carrara,Metricon Stadium,Brisbane ,-28.01306,153.37706,22500,160,134,QLD,West Coast,9.25,12.6,Traeger Park,TIO Traeger Park Oval,Traeger Park,-23.71066,133.87488,7164,175,135,NT,West Coast,13,13.0,Adelaide Oval,,Adelaide,-34.915089,138.599472,53500,167,125,SA,Adelaide,14.88125208,14.0,YManuka Oval,UNSW Canberra Oval,Manuka Oval,-35.316608,149.133957,14849,162.5,138.4,ACT,St Kilda,14,14.0,Perth Stadium,Optus Stadium ,Perth,-31.95428,115.89492,60156,165,130,WA,Sydney,11,15.8,Adelaide Oval,,Adelaide,-34.915089,138.599472,53500,167,125,SA,Sydney,4.5,16.0,Wellington,Sky Stadium,Wellington,-41.276501,174.783752,34500,160,130,New Zealand,Sydney,16,16.0,Docklands,Marvel Stadium,Melbourne,-37.818249,144.948517,53343,159.5,128.8,VIC,Geelong,17.1875,17.0,Bellerive Oval,Blundstone Arena,Bellerive Oval,-42.8773,147.37208,19000,160,124,TAS,Sydney,17.66666667,17.7,Marrara Oval,TIO Stadium ,Marrara Oval,-12.39907,130.88627,12215,175,135,NT,Brisbane Lions,19,19.0,Perth Stadium,Optus Stadium ,Perth,-31.95428,115.89492,60156,165,130,WA,Hawthorn,30.44444444,19.9,Adelaide Oval,,Adelaide,-34.915089,138.599472,53500,167,125,SA,Hawthorn,5.966666667,21.5,Carrara,Metricon Stadium,Brisbane ,-28.01306,153.37706,22500,160,134,QLD,Geelong,12.29166667,23.4,Marrara Oval,TIO Stadium ,Marrara Oval,-12.39907,130.88627,12215,175,135,NT,Western Bulldogs,23.5,23.5,Perth Stadium,Optus Stadium ,Perth,-31.95428,115.89492,60156,165,130,WA,West Coast,24.51602564,23.6,YMarrara Oval,TIO Stadium ,Marrara Oval,-12.39907,130.88627,12215,175,135,NT,Adelaide,24,24.0,Carrara,Metricon Stadium,Brisbane ,-28.01306,153.37706,22500,160,134,QLD,Sydney,36.4,24.5,Bellerive Oval,Blundstone Arena,Bellerive Oval,-42.8773,147.37208,19000,160,124,TAS,North Melbourne,24.83333333,24.8,YCarrara,Metricon Stadium,Brisbane ,-28.01306,153.37706,22500,160,134,QLD,Port Adelaide,29.08333333,27.7,Carrara,Metricon Stadium,Brisbane ,-28.01306,153.37706,22500,160,134,QLD,Collingwood,22.2,29.5,Cazaly's Stadium,,Cazaly's Stadium,-16.935921,145.749023,13500,165,135,QLD,Brisbane Lions,32,32.0,S.C.G.,,Sydney,-33.89143,151.22352,46817,149,136,NSW,Adelaide,-9.4,32.6,Marrara Oval,TIO Stadium ,Marrara Oval,-12.39907,130.88627,12215,175,135,NT,Carlton,33,33.0,York Park,UTS,York Park,-41.42805,147.1384,19500,175,145,TAS,Hawthorn,33.09375,33.1,Carrara,Metricon Stadium,Brisbane ,-28.01306,153.37706,22500,160,134,QLD,Adelaide,48.34285714,35.2,Cazaly's Stadium,,Cazaly's Stadium,-16.935921,145.749023,13500,165,135,QLD,Western Bulldogs,36.4,36.4,York Park,UTS,York Park,-41.42805,147.1384,19500,175,145,TAS,Sydney,37,37.0,Wellington,Sky Stadium,Wellington,-41.276501,174.783752,34500,160,130,New Zealand,Carlton,40,40.0,Traeger Park,TIO Traeger Park Oval,Traeger Park,-23.71066,133.87488,7164,175,135,NT,Port Adelaide,42,42.0,Carrara,Metricon Stadium,Brisbane ,-28.01306,153.37706,22500,160,134,QLD,Richmond,43.25714286,45.0,Marrara Oval,TIO Stadium ,Marrara Oval,-12.39907,130.88627,12215,175,135,NT,West Coast,54,54.0,Manuka Oval,UNSW Canberra Oval,Manuka Oval,-35.316608,149.133957,14849,162.5,138.4,ACT,Hawthorn,56,56.0,Jiangwan Stadium,,Jiangwan Stadium,31.304992,121.515035,11000,160,138,China,Port Adelaide,60.66666667,60.7,Manuka Oval,UNSW Canberra Oval,Manuka Oval,-35.316608,149.133957,14849,162.5,138.4,ACT,North Melbourne,75,75.0,Blacktown,,Blacktown,-33.771549,150.858109,10000,160,141,NSW,West Coast,81,81.0,
